{"stats":{"minecraft:picked_up":{"minecraft:dirt":18},"minecraft:custom":{"minecraft:jump":14,"minecraft:time_since_rest":660,"minecraft:damage_dealt":10,"minecraft:crouch_one_cm":13,"minecraft:play_one_minute":7866,"minecraft:deaths":1,"minecraft:sprint_one_cm":1754,"minecraft:damage_taken":445,"minecraft:time_since_death":631,"minecraft:walk_one_cm":2723,"minecraft:sneak_time":45,"minecraft:fall_one_cm":945,"minecraft:fly_one_cm":44570},"minecraft:used":{"minecraft:grass_block":41},"minecraft:killed_by":{"minecraft:creeper":1}},"DataVersion":2586}