{
  "minecraft:adventure/root": {
    "criteria": {
      "killed_by_something": "2024-10-25 19:22:18 +0000"
    },
    "done": true
  },
  "minecraft:adventure/adventuring_time": {
    "criteria": {
      "minecraft:desert": "2024-10-25 19:16:16 +0000",
      "minecraft:badlands": "2024-10-25 19:19:46 +0000",
      "minecraft:beach": "2024-10-25 19:19:52 +0000",
      "minecraft:river": "2024-10-25 19:16:20 +0000",
      "minecraft:savanna": "2024-10-25 19:19:50 +0000",
      "minecraft:plains": "2024-10-25 19:20:48 +0000"
    },
    "done": false
  },
  "DataVersion": 2586
}